{
  "project_info": {
    "project_number": "680474803926",
    "project_id": "socialmedia-ffdbe",
    "storage_bucket": "socialmedia-ffdbe.appspot.com"
  },
  "client": [
    {
      "client_info": {
        "mobilesdk_app_id": "1:680474803926:android:6cfe745b4fe92c6cad5377",
        "android_client_info": {
          "package_name": "com.example.socialmedia"
        }
      },
      "oauth_client": [],
      "api_key": [
        {
          "current_key": "AIzaSyDquTvF-HzjOsFvafHgC0YubDq_GlxUGG8"
        }
      ],
      "services": {
        "appinvite_service": {
          "other_platform_oauth_client": []
        }
      }
    }
  ],
  "configuration_version": "1"
}